-- MySQL dump 10.13  Distrib 8.0.40, for Win64 (x86_64)
--
-- Host: hopper.proxy.rlwy.net    Database: railway
-- ------------------------------------------------------
-- Server version	9.4.0

/*!40101 SET @OLD_CHARACTER_SET_CLIENT=@@CHARACTER_SET_CLIENT */;
/*!40101 SET @OLD_CHARACTER_SET_RESULTS=@@CHARACTER_SET_RESULTS */;
/*!40101 SET @OLD_COLLATION_CONNECTION=@@COLLATION_CONNECTION */;
/*!50503 SET NAMES utf8 */;
/*!40103 SET @OLD_TIME_ZONE=@@TIME_ZONE */;
/*!40103 SET TIME_ZONE='+00:00' */;
/*!40014 SET @OLD_UNIQUE_CHECKS=@@UNIQUE_CHECKS, UNIQUE_CHECKS=0 */;
/*!40014 SET @OLD_FOREIGN_KEY_CHECKS=@@FOREIGN_KEY_CHECKS, FOREIGN_KEY_CHECKS=0 */;
/*!40101 SET @OLD_SQL_MODE=@@SQL_MODE, SQL_MODE='NO_AUTO_VALUE_ON_ZERO' */;
/*!40111 SET @OLD_SQL_NOTES=@@SQL_NOTES, SQL_NOTES=0 */;

--
-- Table structure for table `cart_items`
--

DROP TABLE IF EXISTS `cart_items`;
/*!40101 SET @saved_cs_client     = @@character_set_client */;
/*!50503 SET character_set_client = utf8mb4 */;
CREATE TABLE `cart_items` (
  `id` int NOT NULL AUTO_INCREMENT,
  `user_id` int NOT NULL,
  `product_id` int unsigned NOT NULL,
  `size` enum('S','M','L','XL') CHARACTER SET utf8mb4 COLLATE utf8mb4_general_ci NOT NULL,
  `quantity` int NOT NULL DEFAULT '1',
  `created_at` timestamp NOT NULL DEFAULT CURRENT_TIMESTAMP,
  PRIMARY KEY (`id`),
  KEY `user_fk` (`user_id`),
  KEY `product_fk` (`product_id`),
  CONSTRAINT `cart_product_fk` FOREIGN KEY (`product_id`) REFERENCES `products` (`id`) ON DELETE CASCADE,
  CONSTRAINT `cart_user_fk` FOREIGN KEY (`user_id`) REFERENCES `users` (`id`) ON DELETE CASCADE
) ENGINE=InnoDB AUTO_INCREMENT=18 DEFAULT CHARSET=utf8mb4 COLLATE=utf8mb4_general_ci;
/*!40101 SET character_set_client = @saved_cs_client */;

--
-- Dumping data for table `cart_items`
--

LOCK TABLES `cart_items` WRITE;
/*!40000 ALTER TABLE `cart_items` DISABLE KEYS */;
INSERT INTO `cart_items` VALUES (7,4,63,'M',2,'2025-12-14 11:56:04'),(11,9,76,'M',2,'2025-12-25 00:16:52'),(13,9,67,'M',2,'2025-12-25 06:35:37');
/*!40000 ALTER TABLE `cart_items` ENABLE KEYS */;
UNLOCK TABLES;

--
-- Table structure for table `categories`
--

DROP TABLE IF EXISTS `categories`;
/*!40101 SET @saved_cs_client     = @@character_set_client */;
/*!50503 SET character_set_client = utf8mb4 */;
CREATE TABLE `categories` (
  `id` int unsigned NOT NULL AUTO_INCREMENT,
  `name` varchar(100) CHARACTER SET utf8mb4 COLLATE utf8mb4_general_ci NOT NULL,
  `parent_id` int unsigned DEFAULT NULL,
  `created_at` datetime DEFAULT CURRENT_TIMESTAMP,
  `updated_at` datetime DEFAULT CURRENT_TIMESTAMP ON UPDATE CURRENT_TIMESTAMP,
  PRIMARY KEY (`id`),
  KEY `parent_id` (`parent_id`),
  CONSTRAINT `categories_ibfk_1` FOREIGN KEY (`parent_id`) REFERENCES `categories` (`id`) ON DELETE CASCADE
) ENGINE=InnoDB AUTO_INCREMENT=12 DEFAULT CHARSET=utf8mb4 COLLATE=utf8mb4_general_ci;
/*!40101 SET character_set_client = @saved_cs_client */;

--
-- Dumping data for table `categories`
--

LOCK TABLES `categories` WRITE;
/*!40000 ALTER TABLE `categories` DISABLE KEYS */;
INSERT INTO `categories` VALUES (1,'Nam',NULL,'2025-12-05 16:35:56','2025-12-15 10:11:36'),(2,'Nữ',NULL,'2025-12-05 16:35:56','2025-12-15 10:11:36'),(4,'Áo Nam',1,'2025-12-05 16:36:31','2025-12-15 12:06:22'),(6,'Áo Nữ',2,'2025-12-05 16:36:31','2025-12-15 10:11:36'),(7,'Quần Nữ',2,'2025-12-05 16:36:31','2025-12-15 10:11:36'),(8,'Áo khoác Nữ',2,'2025-12-05 16:36:31','2025-12-15 10:11:36'),(9,'Áo khoác nam',1,'2025-12-15 12:05:42','2025-12-15 12:05:42'),(10,'Quần nam',1,'2025-12-15 12:06:01','2025-12-15 12:06:01'),(11,'Chân váy',2,'2025-12-22 05:40:44','2025-12-22 05:40:53');
/*!40000 ALTER TABLE `categories` ENABLE KEYS */;
UNLOCK TABLES;

--
-- Table structure for table `order_items`
--

DROP TABLE IF EXISTS `order_items`;
/*!40101 SET @saved_cs_client     = @@character_set_client */;
/*!50503 SET character_set_client = utf8mb4 */;
CREATE TABLE `order_items` (
  `id` int NOT NULL AUTO_INCREMENT,
  `order_id` int NOT NULL,
  `product_id` int NOT NULL,
  `product_name` varchar(255) CHARACTER SET utf8mb4 COLLATE utf8mb4_general_ci NOT NULL,
  `image` varchar(255) CHARACTER SET utf8mb4 COLLATE utf8mb4_general_ci DEFAULT NULL,
  `size` varchar(10) CHARACTER SET utf8mb4 COLLATE utf8mb4_general_ci DEFAULT NULL,
  `price` int NOT NULL,
  `quantity` int NOT NULL,
  PRIMARY KEY (`id`),
  KEY `fk_order_items_order` (`order_id`),
  CONSTRAINT `fk_order_items_order` FOREIGN KEY (`order_id`) REFERENCES `orders` (`id`) ON DELETE CASCADE
) ENGINE=InnoDB AUTO_INCREMENT=19 DEFAULT CHARSET=utf8mb4 COLLATE=utf8mb4_general_ci;
/*!40101 SET character_set_client = @saved_cs_client */;

--
-- Dumping data for table `order_items`
--

LOCK TABLES `order_items` WRITE;
/*!40000 ALTER TABLE `order_items` DISABLE KEYS */;
INSERT INTO `order_items` VALUES (1,1,55,'Áo hoodie zip gấu xám','1765692230637-331089710.jpg','S',320000,1),(2,2,63,'Áo thun new daily xanh','1765694227866-950460056.jpg','M',108800,2),(3,3,56,'Quần nỉ xám nam','1765692854929-310625791.jpg','S',200000,1),(4,4,44,'Quần jeans denim nữ ','1765691415270-72108948.jpg','S',240000,1),(5,5,67,'Áo owlbrand đen','1765694885488-587358006.jpg','S',180000,1),(6,6,67,'Áo owlbrand đen','1765694885488-587358006.jpg','S',180000,1),(7,7,67,'Áo owlbrand đen','1765694885488-587358006.jpg','S',180000,1),(8,8,67,'Áo owlbrand đen','1765694885488-587358006.jpg','S',180000,1),(9,9,67,'Áo owlbrand đen','1765694885488-587358006.jpg','S',180000,1),(10,10,67,'Áo owlbrand đen','1765694885488-587358006.jpg','S',180000,1),(11,11,67,'Áo owlbrand đen','1765694885488-587358006.jpg','M',180000,2),(12,12,67,'Áo owlbrand đen','1765694885488-587358006.jpg','M',180000,2),(13,13,54,'Áo hoodie zip xám','1765692140537-232508345.jpg','L',550000,1),(14,14,59,'Quần kaki đen nam','1765693253763-744737726.jpg','S',118750,1),(15,14,43,'Áo trễ vai xám ','1765691322773-459516195.webp','XL',281000,2),(16,15,61,'Áo sweater xám nam','1765693657951-727291744.jpg','S',255000,1),(17,15,68,'Áo owlbrand nâu','1765694995572-923597269.jpg','L',220000,1),(18,16,59,'Quần kaki đen nam','1765693253763-744737726.jpg','S',118750,1);
/*!40000 ALTER TABLE `order_items` ENABLE KEYS */;
UNLOCK TABLES;

--
-- Table structure for table `orders`
--

DROP TABLE IF EXISTS `orders`;
/*!40101 SET @saved_cs_client     = @@character_set_client */;
/*!50503 SET character_set_client = utf8mb4 */;
CREATE TABLE `orders` (
  `id` int NOT NULL AUTO_INCREMENT,
  `order_code` varchar(255) CHARACTER SET utf8mb4 COLLATE utf8mb4_general_ci DEFAULT NULL,
  `user_id` int NOT NULL,
  `fullname` varchar(255) CHARACTER SET utf8mb4 COLLATE utf8mb4_general_ci NOT NULL,
  `phone` varchar(20) CHARACTER SET utf8mb4 COLLATE utf8mb4_general_ci NOT NULL,
  `address` text CHARACTER SET utf8mb4 COLLATE utf8mb4_general_ci NOT NULL,
  `note` text CHARACTER SET utf8mb4 COLLATE utf8mb4_general_ci,
  `payment_method` varchar(50) CHARACTER SET utf8mb4 COLLATE utf8mb4_general_ci NOT NULL,
  `shipping_fee` int DEFAULT '0',
  `total_price` int NOT NULL,
  `status` varchar(50) CHARACTER SET utf8mb4 COLLATE utf8mb4_general_ci DEFAULT 'Chờ xác nhận',
  `created_at` timestamp NOT NULL DEFAULT CURRENT_TIMESTAMP,
  PRIMARY KEY (`id`),
  UNIQUE KEY `order_code_2` (`order_code`),
  UNIQUE KEY `order_code` (`order_code`)
) ENGINE=InnoDB AUTO_INCREMENT=17 DEFAULT CHARSET=utf8mb4 COLLATE=utf8mb4_general_ci;
/*!40101 SET character_set_client = @saved_cs_client */;

--
-- Dumping data for table `orders`
--

LOCK TABLES `orders` WRITE;
/*!40000 ALTER TABLE `orders` DISABLE KEYS */;
INSERT INTO `orders` VALUES (1,'OD1',4,'Như Phúc','0123456789','xã Thạnh Hóa, tỉnh Tây Ninh - đường Phạm Văn Bạch','','cod',20000,340000,'Chờ xác nhận','2025-12-14 11:55:29'),(2,'OD2',4,'Phúc','0123456789','Quận 12, thành phố Hồ Chí Minh - đường Huỳnh Thị Hai','','cod',20000,237600,'Đã hủy','2025-12-14 11:57:40'),(3,'VPQ-20251215-OCVZCP',4,'fwè','àdsfa','fádfádfadsfádf - dsfádf','','cod',20000,220000,'Chờ lấy hàng','2025-12-14 18:29:12'),(4,'VPQ-20251223-USS5YJ',9,'Hồ Ngọc Vy','0123456789','TPHCM - 70 Tô Ký, Quận 12','','cod',20000,260000,'Đã giao','2025-12-23 18:49:18'),(5,'VPQ-20251224-TU1CRH',9,'Hồ Ngọc Vy','0876475923','TP. Hồ Chí Minh - 70 Tô Ký, Quận 12','','momo',20000,200000,'Đã giao','2025-12-24 17:15:20'),(6,'VPQ-20251224-0BNLI3',9,'Hồ Ngọc Vy','0876475923','TP. Hồ Chí Minh - 70 Tô Ký, Quận 12','','momo',20000,200000,'Đang giao','2025-12-24 17:15:23'),(7,'VPQ-20251224-6YZY2M',9,'Hồ Ngọc Vy','0876475923','TP. Hồ Chí Minh - 70 Tô Ký, Quận 12','','momo',20000,200000,'Đã giao','2025-12-24 17:15:24'),(8,'VPQ-20251224-ACLJXL',9,'Hồ Ngọc Vy','0876475923','TP. Hồ Chí Minh - 70 Tô Ký, Quận 12','','momo',20000,200000,'Đã hủy','2025-12-24 17:15:29'),(9,'VPQ-20251224-I2C2LV',9,'Hồ Ngọc Vy','0876475923','TP. Hồ Chí Minh - 70 Tô Ký, Quận 12','','momo',20000,200000,'Đã hủy','2025-12-24 17:20:02'),(10,'VPQ-20251224-HHECCN',9,'Hồ Ngọc Vy','0876475923','TP. Hồ Chí Minh - 70 Tô Ký, Quận 12','','momo',20000,200000,'Đang giao','2025-12-24 17:20:03'),(11,'VPQ-20251225-3RMSLL',9,'Hồ Ngọc Vy','0987654321','TPHCM - 70 Tô Ký, Quận 12','','momo',20000,380000,'Đang giao','2025-12-25 00:07:41'),(12,'VPQ-20251225-WEUHTY',9,'Hồ Ngọc Vy','0987654321','TPHCM - 70 Tô Ký, Quận 12','','momo',20000,380000,'Chờ lấy hàng','2025-12-25 00:07:43'),(13,'VPQ-20251225-I62RKW',9,'Ngọc Vy','0183847543','TPHCM - Quận 12','','momo',20000,570000,'Đã giao','2025-12-25 06:36:36'),(14,'VPQ-20251225-RIRFR5',11,'Nguyễn Văn A','0798374659','TPHCM - 47 Ngô Quyền, Quận 10','','cod',20000,700750,'Chờ xác nhận','2025-12-25 06:59:14'),(15,'VPQ-20251225-SRRNQ0',11,'Nguyen Van B','0146385928','TP HCM - 30 Lạc Long Quận, Quận 11','','cod',20000,495000,'Chờ xác nhận','2025-12-25 07:08:14'),(16,'VPQ-20251225-SZ6L28',9,'Nguyễn Văn C','0943847596','Bến Tre - Hưng Lễ, Giồng Trôm','','cod',20000,138750,'Chờ xác nhận','2025-12-25 07:31:31');
/*!40000 ALTER TABLE `orders` ENABLE KEYS */;
UNLOCK TABLES;

--
-- Table structure for table `products`
--

DROP TABLE IF EXISTS `products`;
/*!40101 SET @saved_cs_client     = @@character_set_client */;
/*!50503 SET character_set_client = utf8mb4 */;
CREATE TABLE `products` (
  `id` int unsigned NOT NULL AUTO_INCREMENT,
  `name` varchar(255) CHARACTER SET utf8mb4 COLLATE utf8mb4_general_ci NOT NULL,
  `category_id` int unsigned DEFAULT NULL,
  `stock_s` int unsigned DEFAULT '0',
  `stock_m` int unsigned DEFAULT '0',
  `stock_l` int unsigned DEFAULT '0',
  `stock_xl` int unsigned DEFAULT '0',
  `price` decimal(12,2) NOT NULL,
  `description` text CHARACTER SET utf8mb4 COLLATE utf8mb4_general_ci,
  `images` longtext CHARACTER SET utf8mb4 COLLATE utf8mb4_bin,
  `created_at` datetime DEFAULT CURRENT_TIMESTAMP,
  `updated_at` datetime DEFAULT CURRENT_TIMESTAMP ON UPDATE CURRENT_TIMESTAMP,
  `discount_percent` int DEFAULT '0',
  `final_price` int DEFAULT '0',
  PRIMARY KEY (`id`),
  KEY `category_id` (`category_id`),
  CONSTRAINT `products_chk_1` CHECK (json_valid(`images`))
) ENGINE=InnoDB AUTO_INCREMENT=77 DEFAULT CHARSET=utf8mb4 COLLATE=utf8mb4_general_ci;
/*!40101 SET character_set_client = @saved_cs_client */;

--
-- Dumping data for table `products`
--

LOCK TABLES `products` WRITE;
/*!40000 ALTER TABLE `products` DISABLE KEYS */;
INSERT INTO `products` VALUES (28,'Áo Lumi ',6,12,20,20,20,220000.00,'Áo Lumi là lựa chọn lý tưởng cho những ai yêu sự nhẹ nhàng và nữ tính. Thiết kế nhấn với tay áo phồng bồng bềnh, cổ chữ V viền ren dịu dàng tôn vẻ thanh thoát. \r\nChi tiết:\r\n•	Dáng lửng, bo nhún linh hoạt ở eo\r\n•	Cổ V nữ tính, phối viền và lót ren bên trong\r\n•	Tay phồng nhẹ, bo chun ở cổ tay\r\n•	Vải cotton thêu siêu nhẹ, mát mẻ\r\n','[\"1765690731761-24618599.png\",\"1765690731762-346461857.png\",\"1765690731762-550243833.png\"]','2025-12-14 12:20:41','2025-12-14 12:38:51',0,220000),(29,'Áo nâu tay dài ',6,55,18,85,24,245000.00,'Áo nâu tay dài mang đến phong cách tối giản đầy ấn tượng nhờ kiểu dáng áo trễ vai độc đáo cùng chất liệu len co giãn. Thiết kế phối tay lạ mắt, cài nút trước, form ôm tôn dáng giúp nàng dễ dàng nổi bật mọi lúc.\r\nChi tiết:\r\n•	Áo trễ vai, phối lớp tay nổi bật\r\n•	Hàng nút cài dọc thân trước\r\n•	Chất liệu len dày dặn, mềm mại, co giãn thoải mái\r\n•	Dáng áo ôm thân, dễ phối riêng hoặc mặc layer cá tính\r\n','[\"1765689917689-798739061.webp\",\"1765689985239-523479651.webp\",\"1765689985241-510031555.webp\",\"1765689985243-267040879.webp\",\"1765689985244-691047723.webp\"]','2025-12-14 12:25:17','2025-12-14 12:26:25',0,245000),(30,'Áo hoa nhí',6,51,20,24,20,215000.00,'Áo hoa nhí mang phong cách vintage nhẹ nhàng, dễ mặc với họa tiết hoa nhí trên nền vải gân, điểm nhấn nút hình trái tim duyên dáng. Áo thiết kế dáng ôm, ngực rút nhún vừa vặn, đường viền ren nữ tính giúp tôn lên vẻ đẹp mềm mại và trẻ trung cho người mặc.\r\nChi tiết:\r\n•	Áo hai dây dáng ôm, ngực nhún nhẹ tạo điểm nhấn\r\n•	Dây mảnh có thể điều chỉnh, dễ chịu khi mặc\r\n•	Chất liệu thun gân cotton pha, họa tiết hoa nhí toàn thân\r\n•	Viền cổ và gấu áo viền ren nhẹ nhàng, mang hơi hướng vintage\r\n•	Co giãn tốt, ôm dáng thoải mái\r\n','[\"1765690120455-897270449.webp\",\"1765690120455-206618831.webp\",\"1765690120456-839454178.webp\",\"1765690120456-928352006.webp\"]','2025-12-14 12:28:40','2025-12-14 12:28:40',20,172000),(31,'Áo elena ',6,5,44,45,3,256000.00,'Áo elena phối hợp dáng sơ mi cổ bẻ cùng thiết kế vạt chéo trẻ trung trên nền vải thun be nhạt, nhẹ thoáng. Phần thân wrap tạo hiệu ứng xếp lớp mềm mại, chất thun mỏng giúp áo trở nên nhẹ nhàng, dễ phối đủ kiểu từ đi học, đi chơi đến công sở.\r\nChi tiết:\r\n•	Áo thun tay ngắn, cổ sơ mi basic\r\n•	Thiết kế vạt chéo, tạo hiệu ứng layer tinh tế\r\n•	Vải thun be nhạt nhẹ, thoáng mát, co giãn tốt\r\n•	Logo trước ngực nhỏ nổi bật\r\n•	Áo mỏng nhẹ, hiệu ứng xuyên thấu nhẹ nhàng, hiện đại\r\n','[\"1765690209590-4952696.webp\",\"1765690209591-4898897.webp\",\"1765690209591-680371127.webp\",\"1765690209592-146126335.webp\"]','2025-12-14 12:30:09','2025-12-14 21:54:58',30,179200),(32,'Áo mindy ',6,15,52,17,12,225000.00,'Áo mindy mang hơi thở đồng quê thanh lịch với cổ vuông, ngực nhún và dây rút điều chỉnh nữ tính.\r\nChi tiết:\r\n•	Áo lửng, eo nhún bo chun\r\n•	Phần ngực dáng nhún, dây rút điều chỉnh\r\n•	Tay phồng chun có dây buộc nơ\r\n•	Vải cotton pha nhẹ, thoáng mát\r\n•	Co giãn nhẹ, dễ dàng vận động\r\n','[\"1765690283072-953809917.webp\",\"1765690283072-467391926.webp\",\"1765690283073-664715190.webp\",\"1765690283073-20890575.webp\"]','2025-12-14 12:31:23','2025-12-14 12:31:23',0,225000),(33,'Áo Yeshi ',6,25,42,32,28,243000.00,'Áo Yeshi mang vẻ đẹp gợi cảm tinh tế với thiết kế baby tee ôm sát, tôn tối đa đường cong cơ thể. \r\nChi tiết:\r\n•	Dáng croptop lửng, ôm body cực chuẩn\r\n•	Cổ tròn basic, tay ngắn bó sát nhẹ\r\n•	Chất cotton co giãn 4 chiều mềm mại, mặc mát cả ngày\r\n•	Điểm nhấn dòng chữ “yeshi” đính đá lấp lánh chạy ngang ngực, vừa sang vừa nổi bật\r\n•	Phù hợp mix&match mọi kiểu: jeans, chân váy, layer áo khoác đều cực chất\r\n','[\"1765690361794-668505194.webp\",\"1765690361794-687187792.webp\",\"1765690361794-485840615.webp\",\"1765690361795-590452703.webp\"]','2025-12-14 12:32:41','2025-12-14 12:32:41',0,243000),(34,'Áo Yeshi Trắng ',6,35,52,71,12,219000.00,'Áo Yeshi Trắng mang vẻ đẹp thanh lịch quyến rũ với tông trắng tinh khôi, tôn da và hack dáng cực đỉnh trong thiết kế baby tee ôm sát. \r\nChi tiết:\r\n•	Dáng croptop lửng ôm body chuẩn form\r\n•	Cổ tròn basic, tay ngắn bó nhẹ nhàng\r\n•	Chất cotton co giãn 4 chiều mềm mịn, thoáng mát, thấm hút tốt\r\n•	Điểm nhấn dòng chữ “yeshi” đính đá lấp lánh sang trọng chạy ngang ngực \r\n•	Màu trắng sáng, dễ phối đồ: jeans, quần short, chân váy đều xinh.\r\n','[\"1765690421353-841834573.webp\",\"1765690421353-384932772.webp\",\"1765690421357-157448603.webp\",\"1765690421359-921803907.webp\"]','2025-12-14 12:33:41','2025-12-14 12:33:41',0,219000),(35,'Áo Stella ',6,23,34,23,45,261000.00,'Áo Stella mang vẻ đẹp ngọt ngào cổ điển với thiết kế corset bèo nhún lãng mạn, tôn vòng eo con kiến cực đỉnh. \r\nChi tiết:\r\n•	Dáng corset croptop ôm sát, đan dây trước quyến rũ\r\n•	Cổ vuông viền bèo tầng, tay cánh tiên phồng nhẹ nhàng\r\n•	Phần ngực nhún bèo xếp ly tinh tế, tạo hiệu ứng đầy đặn tự nhiên\r\n•	Eo chiết ly corset chuẩn form, phía sau chun co giãn nhẹ ôm vừa vặn\r\n','[\"1765690796477-93337269.webp\",\"1765690796477-579343326.webp\",\"1765690796479-382527218.webp\",\"1765690796482-786873131.webp\"]','2025-12-14 12:39:56','2025-12-14 12:39:56',25,195750),(36,'Áo Apony ',6,45,24,24,34,285000.00,'Áo Apony mang vibe tiểu thư ngọt ngào, vừa nữ tính vừa quyến rũ khó cưỡng với thiết kế trễ vai phối dây buộc tinh tế. \r\nChi tiết:\r\n•	Form ôm sát nhẹ, tôn vòng 1 và thắt eo con kiến\r\n•	Cổ yếm buộc dây sau gáy + dây nơ cổ điển, thêm dây buộc nơ cố định hai bên vai tạo độ phồng nhẹ nhàng\r\n•	Tay cánh tiên ngắn, viền nơ thắt nơ xinh xắn\r\n•	Hai bên thân phối ren hoa nổi ôm sát, tạo hiệu ứng thon eo “ảo thuật”\r\n•	Chất vải muslin mềm nhẹ, thoáng mát, hoa nổi 3D bay bổng\r\n','[\"1765690864944-355948562.webp\",\"1765690864944-511359819.webp\",\"1765690864945-35560944.webp\"]','2025-12-14 12:41:04','2025-12-14 12:41:04',30,199500),(37,'Áo Tana ',6,34,45,44,55,255000.00,'Áo Tana mang vibe tiểu thư Pháp ngọt ngào chết người với cổ vuông xinh, tay dài ôm sát và chi tiết ren bèo chạy dọc thân cực kỳ cầu kỳ. \r\nChi tiết:\r\n•	Form ôm body nhẹ nhàng, tôn vòng 1 và thắt eo “ảo” cực đỉnh\r\n•	Cổ vuông viền ren bèo nhỏ, vừa thanh lịch vừa sexy nhẹ\r\n•	Phần ngực phối ren hoa nổi 3D kèm dây rút nơ xinh, điều chỉnh được độ phồng tùy ý\r\n•	Tay dài bó sát, cổ tay viền ren bèo tầng nữ tính\r\n•	Chất thun cotton co giãn 4 chiều siêu mềm mịn, mặc ôm mà vẫn thoải mái cả ngày\r\n','[\"1765690917247-518643386.webp\",\"1765690917247-475467557.webp\",\"1765690917248-211517667.webp\"]','2025-12-14 12:41:57','2025-12-14 12:41:57',0,255000),(38,'Áo Erica ',6,34,45,20,16,211000.00,'Áo Erica nàng thơ cổ điển với thiết kế yếm cổ đổ nhún bèo sang trọng, tôn vòng 1 và eo “con kiến” đến từng milimet. \r\nChi tiết:\r\n•	Form croptop yếm ôm sát, chiết ly corset chuẩn dáng, hack eo nhỏ xíu\r\n•	Phần ngực nhún bèo xếp tầng cầu kỳ, tạo hiệu ứng đầy đặn tự nhiên và cực kỳ quyến rũ\r\n•	Cổ yếm cao thanh lịch, dây buộc sau cổ + sau lưng điều chỉnh vừa vặn\r\n•	Hai bên thân phối đường chiết ly sắc nét, tôn dáng “đồng hồ cát”\r\n','[\"1765690970565-483746076.webp\",\"1765690970565-849891016.webp\",\"1765690970566-625636936.webp\"]','2025-12-14 12:42:50','2025-12-14 12:42:50',0,211000),(39,'Áo Vivian',6,22,77,554,33,310000.00,'Áo Vivian mang hơi thở cổ tích với lớp vải xếp tầng mềm mại và viền bèo nữ tính. Thiết kế cổ bèo, tay áo bèo nhẹ kết hợp phần tà trước ngắn - sau dài giúp nàng di chuyển uyển chuyển, thích hợp cả đi chơi lẫn dịp đặc biệt.\r\nChi tiết:\r\n•	Áo sát nách phối tầng, viền bèo nhẹ nhàng\r\n•	Tà áo trước ngắn, sau dài tạo đường bay bổng\r\n•	Cổ áo và tay áo bèo mềm, chi tiết buộc dây ở cổ\r\n•	Chất liệu mỏng nhẹ, thoáng mát\r\n•	Dáng áo rộng rãi, dễ chịu khi mặc\r\n','[\"1765691050250-471644998.webp\",\"1765691050251-803742657.webp\",\"1765691050251-942740353.webp\",\"1765691050252-91306349.webp\"]','2025-12-14 12:44:10','2025-12-14 12:44:10',0,310000),(40,'Áo alexa ',6,33,6,23,33,216000.00,'Áo alexa nổi bật với phom quây ôm gọn, đường nhún bèo sắc nét và điểm nhấn sọc trắng trẻ trung. Chất liệu thun mềm co giãn, thiết kế ôm sát cơ thể giúp tôn dáng, dễ phối cho phong cách dự tiệc hoặc streetwear cá tính.\r\nChi tiết:\r\n•	Áo quây dáng ôm, nhún bèo dọc thân hiện đại\r\n•	Sọc trắng bất đối xứng tạo điểm nhấn nổi bật\r\n•	Chất liệu thun co giãn mềm mại, thoải mái khi mặc\r\n•	Thiết kế ôm gọn, tôn nét cá tính và nữ tính\r\n','[\"1765691095368-209868410.webp\",\"1765691095370-203020819.webp\",\"1765691095370-758215876.webp\",\"1765691095371-32429454.webp\"]','2025-12-14 12:44:55','2025-12-14 21:55:18',0,216000),(41,'Áo Trixie ',6,34,23,22,13,215000.00,'Áo Trixie mang đến phong cách basic tiện dụng với dáng ôm nhẹ, gam hồng pastel ngọt ngào cùng logo đá lấp lánh giữa ngực. Thiết kế racerback năng động, chất thun gân co giãn mềm mại giúp áo mặc thoải mái cả ngày, dễ phối từ outfit thường ngày đến tập luyện.\r\nChi tiết:\r\n•	Áo ba lỗ dáng ôm với lưng thể thao (racerback) dễ vận động\r\n•	Vải thun gân hồng phấn, co giãn nhẹ, thoải mái\r\n•	Logo đá lấp lánh trang trí nổi bật phía trước\r\n•	Chất cotton pha thấm hút, thích hợp mặc chơi thể thao hoặc thường ngày\r\n•	Lai cong nhẹ nữ tính\r\n','[\"1765691167104-296308697.webp\",\"1765691167104-677414767.webp\",\"1765691167104-70204850.webp\"]','2025-12-14 12:46:07','2025-12-14 12:46:07',0,215000),(42,'Áo xanh tay dài ',6,34,34,34,34,145000.00,'Áo xanh tay dài mang dấu ấn cá tính với kiểu dáng hiện đại cùng thiết kế cổ áo đặc biệt. Được cắt may từ chất liệu thun gân, áo Taylor tạo điểm nhấn ở đường cắt sắc nét và hàng nút ở thân trước, tôn lên vóc dáng của nàng một cách sang trọng, đồng thời mang đến sự mới lạ cho tủ đồ của bạn.\r\nChi tiết:\r\n•	Áo thun dáng ôm, trễ vai, chi tiết gập tay nổi bật\r\n•	Cài nút phía trước với kiểu dáng hiện đại\r\n•	Chất liệu thun gân co giãn, ôm dáng thoải mái\r\n•	Kiểu dáng tôn eo, dễ phối riêng hoặc layer sáng tạo\r\n','[\"1765691259839-118019776.webp\",\"1765691259841-810237617.webp\",\"1765691259841-577248962.webp\",\"1765691259843-270656836.webp\"]','2025-12-14 12:47:39','2025-12-14 12:47:39',0,145000),(43,'Áo trễ vai xám ',6,23,33,44,55,281000.00,'Áo trễ vai xám mang đến vẻ hiện đại với thiết kế cổ bất đối xứng, nhún nhẹ và điểm nhấn nơ duyên dáng ở eo.\r\nChi tiết:\r\n•	Áo dài tay với cổ lệch vai cá tính\r\n•	Nơ thắt bên hông mềm mại\r\n•	Thân áo nhún nhẹ ôm dáng, tôn đường cong\r\n•	Chất liệu cotton pha co giãn, nhẹ nhàng, dễ chịu\r\n•	Phom ôm vừa vặn\r\n','[\"1765691322773-459516195.webp\",\"1765691322773-71939074.webp\",\"1765691322773-949420045.webp\",\"1765691322774-320429051.webp\"]','2025-12-14 12:48:42','2025-12-14 12:48:42',0,281000),(44,'Quần jeans denim nữ ',7,33,23,4,22,320000.00,'Quần jeans denim nữ ống rộng màu xanh bạc, phong cách vintage tối giản và thoải mái.\r\nChi tiết:\r\n•	Dáng wide-leg rộng từ hông xuống gấu, dài chấm gót, tôn chân dài\r\n•	Lưng cao vừa, che bụng tốt, tạo tỷ lệ cơ thể đẹp\r\n•	Chất denim cotton dày dặn, co giãn nhẹ, form giữ dáng lâu\r\n•	Wash bạc loang tự nhiên, hiệu ứng bụi bặm cổ điển\r\n','[\"1765691415270-72108948.jpg\",\"1765691415271-324096808.jpg\",\"1765691415272-36844169.jpg\",\"1765691415272-226875351.jpg\"]','2025-12-14 12:50:15','2025-12-14 21:55:41',25,240000),(45,'Quần nỉ nữ xám ',7,33,33,333,33,185000.00,'Quần nỉ nữ xám ống suông rộng màu xám nhạt, phong cách casual California nhẹ nhàng và nữ tính.\r\nChi tiết:\r\n•	Dáng suông rộng thoải mái, dài chạm mắt cá chân\r\n•	Lưng thun cao có dây rút, ôm vừa vặn, không lộ bụng\r\n•	Chất cotton nỉ dày, lót bông mềm mại, ấm áp, mặt trong mịn\r\n•	Màu xám melange nhạt sạch sẽ, không xù lông\r\n•	Thêu chữ “Calif” nhỏ màu hồng phấn bên đùi trái, chi tiết tinh tế\r\n','[\"1765691566097-723542755.jpg\",\"1765691566098-329600315.jpg\",\"1765691566098-757343075.jpg\"]','2025-12-14 12:52:46','2025-12-14 12:52:46',0,185000),(46,'Quần jeans denim ngắn nữ',7,33,44,44,44,222000.00,'Quần jeans ngắn nữ dáng bermuda màu xanh wash nhạt, phong cách Hàn Quốc tối giản và trẻ trung.\r\nChi tiết:\r\n•	Dáng bermuda ống suông rộng vừa, dài qua đầu gối khoảng 10–15 cm, che đùi tốt\r\n•	Lưng cao vừa phải, ôm eo nhẹ, tôn dáng và hack chân dài\r\n•	Chất denim cotton dày dặn, co giãn nhẹ, form cứng cáp giữ dáng đẹp\r\n•	Wash xanh nhạt loang tự nhiên, hiệu ứng phai bụi bặm nhẹ nhàng\r\n','[\"1765691632342-944438266.jpg\",\"1765691632343-132388600.png\",\"1765691632352-759263643.png\",\"1765691632373-848039416.png\"]','2025-12-14 12:53:52','2025-12-14 12:53:52',30,155400),(47,'Chân váy grace',11,55,55,55,55,219000.00,'Chân váy ngắn grace màu kem sữa, phong cách công chúa ngọt ngào và nữ tính.\r\nChi tiết:\r\n•	Dáng siêu ngắn, lưng cao xếp ly tinh tế, ôm eo tạo vòng eo con kiến\r\n•	Phần eo đính 4 hàng cúc nhỏ ngọc trai xếp tầng đối xứng, chi tiết nổi bật sang chảnh\r\n•	Chất tuyết mưa cao cấp, dày dặn, đứng form, không nhăn\r\n•	Phần tùng váy xếp ly bồng bềnh, tạo độ phồng tự nhiên như váy ballet\r\n','[\"1765691709883-19705310.webp\",\"1765691709883-494492249.webp\",\"1765691709884-902121021.webp\",\"1765691709884-210422120.webp\"]','2025-12-14 12:55:09','2025-12-22 05:43:42',0,219000),(48,'Chân váy lila',11,33,33,33,33,150000.00,'Chân váy Lila đen sọc trắng, phong cách tennis preppy thanh lịch và năng động.\r\nChi tiết:\r\n•	Dáng siêu ngắn, lưng cao ôm sát, tạo vòng eo nhỏ gọn\r\n•	Chất vải tuyết mưa cao cấp pha sọc trắng mịn, dày dặn, đứng form đẹp\r\n•	Thiết kế xếp ly lớn đều quanh thân, tạo độ bồng nhẹ nhàng khi di chuyển\r\n•	Đai eo phối viền trắng nổi bật, kèm dây rút trắng dài buộc nơ một bên – điểm nhấn dễ thương\r\n','[\"1765691762612-553152963.webp\",\"1765691762612-418123224.webp\"]','2025-12-14 12:56:02','2025-12-22 06:38:49',10,135000),(49,'Chân váy da đỏ',11,33,33,33,33,188000.00,'Chân váy da đỏ rượu, phong cách Y2K cá tính và quyến rũ.\r\nChi tiết:\r\n•	Dáng siêu ngắn, lưng thấp vừa phải, ôm sát hông tạo đường cong đẹp\r\n•	Chất da PU cao cấp mềm mại, bề mặt bóng nhẹ, dày dặn, không nứt\r\n•	Màu đỏ rượu vang sang trọng, nổi bật và thu hút mọi ánh nhìn\r\n•	Phần eo gập chéo bất đối xứng, phối đai da kèm khoá kim loại bạc nhỏ một bên – chi tiết cực chất\r\n','[\"1765691807180-551282814.webp\",\"1765691807180-730040593.webp\",\"1765691807181-900482037.webp\",\"1765691807182-273270738.webp\"]','2025-12-14 12:56:47','2025-12-22 05:43:18',0,188000),(50,'Chân váy dalya',11,34,34,34,34,210000.00,'Chân váy ngắn Dalya đen, phong cách preppy chic tối giản và sang trọng.\r\nChi tiết:\r\n•	Dáng siêu ngắn, lưng thấp vừa phải, ôm sát hông tạo vòng eo rõ nét\r\n•	Chất tuyết mưa cao cấp dày dặn, đứng form, không nhăn, mặt vải mịn đẹp\r\n•	Màu đen tuyền sâu, tôn da và dễ phối mọi màu áo\r\n•	Phần eo gập chéo bất đối xứng, đính hai khoá kim loại vàng nhỏ kèm dây vải buộc nơ hai bên\r\n','[\"1765691858811-116591185.webp\",\"1765691858811-558322649.webp\",\"1765691858813-258502938.webp\"]','2025-12-14 12:57:38','2025-12-22 05:43:05',0,210000),(51,'Chân váy mandy',11,55,55,55,55,190000.00,'Chân váy ngắn Mandy đen, phong cách balletcore thanh lịch và mong manh.\r\nChi tiết:\r\n•	Dáng ôm sát dạng tube, siêu ngắn, lưng vừa phải, tôn vòng eo và hông hoàn hảo\r\n•	Chất voan lưới mềm mại, nhiều lớp xếp tầng mỏng nhẹ tạo hiệu ứng mờ ảo\r\n•	Phần eo phối dải voan đen quấn nhiều vòng.\r\n','[\"1765691920833-768616799.webp\",\"1765691920834-474693775.webp\",\"1765691920834-824401311.webp\"]','2025-12-14 12:58:40','2025-12-22 05:42:48',0,190000),(52,'Áo khoác len đỏ',8,55,55,55,5,450000.00,'Áo khoác len đỏ mang hơi thở mùa đông Bắc Âu ấm áp, vừa vintage vừa sang chảnh chết người với họa tiết thổ cẩm truyền thống cực kỳ bắt mắt. \r\nChi tiết:\r\n•	Form cardigan ngắn dáng cropped, ôm vừa tôn dáng mà vẫn thoải mái\r\n•	Phần ngực và vai phối họa tiết fair isle cổ điển đa sắc (đỏ rượu, be, xanh pastel), nhìn là mê\r\n•	Cổ tròn viền thổ cẩm đồng điệu, gấu áo + gấu tay bo chun nhẹ nhàng\r\n•	Hàng cúc nhỏ xinh chạy dọc thân, dễ mặc dễ phối\r\n','[\"1765692011187-620950366.jpg\",\"1765692011188-658866989.jpg\",\"1765692011189-406645580.jpg\",\"1765692011189-920575758.jpg\"]','2025-12-14 13:00:11','2025-12-22 06:15:52',25,337500),(53,'Áo khoác len xanh',8,55,33,33,33,480000.00,'Áo khoác len xanh cổ điển, ấm áp và thanh lịch.\r\nChi tiết:\r\n•	Dáng cropped ngắn, ôm vừa vặn, tôn dáng\r\n•	Chất len cashmere pha, mềm mại, ấm, nhẹ\r\n•	Họa tiết đan bím (cable-knit) chạy dọc thân áo\r\n•	Logo Polo Bear thêu nhỏ bên ngực trái\r\n•	Hàng cúc cùng màu chạy dọc thân trước\r\n','[\"1765692066717-139542893.jpg\",\"1765692066718-379844267.jpg\",\"1765692066721-445278192.jpg\",\"1765692066721-86151365.jpg\"]','2025-12-14 13:01:06','2025-12-14 13:01:06',0,480000),(54,'Áo hoodie zip xám',8,55,33,33,33,550000.00,'Áo hoodie zip xám phong cách American varsity nhẹ nhàng và nữ tính.\r\nChi tiết:\r\n•	Dáng ngắn trên hông, form suông nhẹ, che bụng tốt mà vẫn gọn gàng\r\n•	Chất cotton nỉ dày dặn, lót bông mềm, ấm áp, mặt trong lông mịn\r\n•	Màu xám melange nhạt, sạch và dễ phối\r\n•	In nhung nổi chữ “Calif” và “W.A.” màu hồng phấn pastel trước ngực, tone-sur-tone dịu mắt\r\n•	Khoá kéo kim loại đồng bộ màu bạc, kéo mượt\r\n•	Mũ rộng có dây rút cùng màu thân áo\r\n','[\"1765692140537-232508345.jpg\",\"1765692140537-272536922.jpg\",\"1765692140538-537402745.jpg\",\"1765692140538-78206759.jpg\"]','2025-12-14 13:02:20','2025-12-14 13:02:20',0,550000),(55,'Áo hoodie zip gấu xám',8,15,33,33,33,320000.00,'Áo hoodie zip gấu xám tối giản và năng động, phong cách trẻ trung.\r\nChi tiết:\r\n•	Dáng suông nhẹ, hơi oversize, dài qua hông một chút, che dáng tốt\r\n•	Chất liệu polyester chống gió, chống thấm nước nhẹ, mặt vải mịn bóng nhẹ\r\n•	Màu kem sữa tinh tế, sạch sẽ, dễ phối với mọi tông màu\r\n•	Logo Polo Bear thêu nhỏ bên ngực trái – chi tiết nhận diện tinh tế\r\n•	Khoá kéo chính giữa đồng màu bạc, kéo êm\r\n','[\"1765692230637-331089710.jpg\",\"1765692230638-522548052.jpg\",\"1765692230638-972132464.jpg\",\"1765692230639-893985224.jpg\"]','2025-12-14 13:03:50','2025-12-14 13:03:50',0,320000),(56,'Quần nỉ xám nam',10,33,33,33,33,250000.00,'Quần jogger ống suông xám tối giản và năng động, phong cách trẻ trung.\r\nChi tiết:\r\n\r\nDáng ống rộng thoải mái, hơi wide leg, dài qua mắt cá chân, che dáng tốt và tạo cảm giác thon gọn\r\nChất liệu cotton pha polyester mềm mại, co giãn nhẹ, mặt vải mịn mượt, giữ ấm tốt\r\nMàu xám nhạt tinh tế, sạch sẽ, dễ phối với mọi outfit casual hoặc streetwear\r\nEo chun co giãn kèm dây rút đồng màu – điều chỉnh vừa vặn dễ dàng','[\"1765692854929-310625791.jpg\",\"1765692854930-633724602.jpg\",\"1765692854933-195869073.jpg\"]','2025-12-14 13:14:14','2025-12-22 05:40:16',20,200000),(57,'Quần nỉ xanh nam',10,22,22,22,22,210000.00,'Quần jogger ống suông tối giản và năng động, phong cách trẻ trung.\r\nChi tiết:\r\n\r\nDáng ống rộng thoải mái, hơi wide leg, dài qua mắt cá chân, che dáng tốt và tạo cảm giác thon gọn\r\nChất liệu cotton pha polyester mềm mại, co giãn nhẹ, mặt vải mịn mượt, giữ ấm tốt\r\nMàu xám nhạt tinh tế, sạch sẽ, dễ phối với mọi outfit casual hoặc streetwear\r\nEo chun co giãn kèm dây rút đồng màu – điều chỉnh vừa vặn dễ dàng','[\"1765692992255-998934559.jpg\",\"1765692992256-202677488.jpg\"]','2025-12-14 13:16:32','2025-12-22 05:40:03',30,147000),(58,'Quần kaki nam',10,33,333,33,33,240000.00,'Quần tây ống suông be tối giản và thanh lịch, phong cách trẻ trung.\r\nChi tiết:\r\n\r\nDáng ống rộng thoải mái, có ly trước tinh tế, dài chạm mắt cá chân, tạo form dáng chuẩn và tôn chân\r\nChất liệu kaki cotton pha co giãn nhẹ, mềm mại, thoáng mát, không nhăn dễ bảo quản\r\nMàu be nhạt tinh tế, ấm áp, dễ phối với mọi tông màu từ basic đến nổi bật','[\"1765693153112-337745142.jpg\",\"1765693153113-848341672.jpg\",\"1765693153116-742589973.jpg\"]','2025-12-14 13:19:13','2025-12-22 05:39:49',0,240000),(59,'Quần kaki đen nam',10,33,33,33,55,125000.00,'Quần tây ống suông đen tối giản và thanh lịch, phong cách trẻ trung.\r\nChi tiết:\r\n\r\nDáng ống rộng thoải mái, có ly trước tinh tế, dài chạm mắt cá chân, tạo form dáng chuẩn và tôn chân\r\nChất liệu kaki cotton pha co giãn nhẹ, mềm mại, thoáng mát, không nhăn dễ bảo quản\r\nMàu be nhạt tinh tế, ấm áp, dễ phối với mọi tông màu từ basic đến nổi bật','[\"1765693253763-744737726.jpg\",\"1765693253763-542731230.jpg\",\"1765693253764-576931316.jpg\"]','2025-12-14 13:20:53','2025-12-22 06:15:41',5,118750),(60,'Áo sweater sọc nam',4,22,22,22,22,255000.00,'Áo polo dài tay sọc ngang nâu navy tối giản và năng động, phong cách trẻ trung preppy.\r\nChi tiết:\r\n\r\nDáng suông nhẹ, hơi oversize, dài qua hông một chút, thoải mái và che dáng tốt\r\nChất liệu cotton dày dặn, mềm mại, giữ ấm tốt cho mùa thu đông\r\nHọa tiết sọc ngang to bản nâu navy cổ điển, kết hợp cổ polo trắng tinh tế với nút cài\r\nLogo huy hiệu thêu vàng nhỏ bên ngực trái – chi tiết nhận diện sang trọng, nổi bật','[\"1765693435352-397168575.jpg\",\"1765693435352-76541650.jpg\",\"1765693435353-942283216.jpg\"]','2025-12-14 13:23:55','2025-12-22 05:37:45',0,255000),(61,'Áo sweater xám nam',4,44,44,44,4,255000.00,'Áo polo dài tay xám tối giản và năng động, phong cách trẻ trung preppy.\r\nChi tiết:\r\n\r\nDáng suông nhẹ, hơi oversize, dài qua hông một chút, thoải mái và che dáng tốt\r\nChất liệu cotton dày dặn, mềm mại, giữ ấm tốt cho mùa thu đông\r\nHọa tiết sọc ngang to bản nâu navy cổ điển, kết hợp cổ polo trắng tinh tế với nút cà','[\"1765693657951-727291744.jpg\",\"1765693657951-659683214.jpg\",\"1765693657952-980510582.jpg\"]','2025-12-14 13:27:37','2025-12-22 05:34:59',0,255000),(62,'Áo thun boxy trắng',4,33,33,33,33,125000.00,'Áo thun boxy trắng tối giản và năng động, phong cách trẻ trung holiday vibe.\r\nChi tiết:\r\n\r\nDáng boxy oversize vuông vắn, vai hơi rũ, dài vừa hông, thoải mái và che dáng cực tốt\r\nChất liệu cotton dày dặn, mềm mịn, thoáng mát, form giữ tốt sau nhiều lần giặt\r\nMàu trắng tinh khôi, sạch sẽ, dễ phối với mọi kiểu quần từ jogger đến jeans\r\nLogo thêu nhỏ &quot;Happiness is Holiday&quot; kèm hình lon nước đỏ bên ngực trái – chi tiết dễ thương, nổi bật tinh tế\r\nCổ tròn basic, đường may chắc chắn, tay áo rộng thoải mái','[\"1765694110423-38019342.jpg\",\"1765694110423-720135962.jpg\",\"1765694110424-595244427.jpg\"]','2025-12-14 13:35:10','2025-12-22 05:37:25',0,125000),(63,'Áo thun new daily xanh',4,44,44,44,44,136000.00,'o thun oversize navy tối giản và năng động, phong cách trẻ trung streetwear.\r\nChi tiết:\r\n\r\nDáng suông rộng oversize, vai rũ tự nhiên, dài qua hông một chút, thoải mái và che dáng tốt\r\nChất liệu cotton dày dặn, mềm mịn, thoáng khí, form giữ bền đẹp sau nhiều lần giặt\r\nMàu navy sâu tinh tế, sang trọng, dễ phối với mọi kiểu quần từ jogger đến shorts','[\"1765694227866-950460056.jpg\",\"1765694227867-45579002.jpg\",\"1765694227867-622649241.jpg\"]','2025-12-14 13:37:07','2025-12-22 05:37:17',20,108800),(64,'Áo thun new daily trắng',4,44,55,55,55,135000.00,'Áo thun oversize tối giản và năng động, phong cách trẻ trung streetwear.\r\nChi tiết:\r\n\r\nDáng suông rộng oversize, vai rũ tự nhiên, dài qua hông một chút, thoải mái và che dáng tốt\r\nChất liệu cotton dày dặn, mềm mịn, thoáng khí, form giữ bền đẹp sau nhiều lần giặt\r\nMàu navy sâu tinh tế, sang trọng, dễ phối với mọi kiểu quần từ jogger đến shorts','[\"1765694338089-798035544.jpg\",\"1765694338089-971859058.jpg\",\"1765694338090-717284740.jpg\"]','2025-12-14 13:38:58','2025-12-22 05:36:57',0,135000),(65,'Ảo thun newdaily xám',4,66,66,66,66,135000.00,'Áo thun oversize tối giản và năng động, phong cách trẻ trung streetwear.\r\nChi tiết:\r\n\r\nDáng suông rộng oversize, vai rũ tự nhiên, dài qua hông một chút, thoải mái và che dáng tốt\r\nChất liệu cotton dày dặn, mềm mịn, thoáng khí, form giữ bền đẹp sau nhiều lần giặt\r\nMàu navy sâu tinh tế, sang trọng, dễ phối với mọi kiểu quần từ jogger đến shorts','[\"1765694454762-992716753.jpg\",\"1765694454763-328427925.jpg\",\"1765694454764-633473758.jpg\"]','2025-12-14 13:40:54','2025-12-22 05:36:48',0,135000),(66,'Áo owlbrand trắng',4,55,55,55,55,222000.00,'Áo thun oversize kem tối giản và năng động, phong cách trẻ trung campus.\r\nChi tiết:\r\n\r\nDáng suông rộng oversize, vai rũ nhẹ, dài qua hông một chút, thoải mái và che dáng tốt\r\nChất liệu cotton dày dặn, mềm mại, thoáng khí, giữ form đẹp sau nhiều lần giặt\r\nMàu kem sữa nhạt tinh tế, ấm áp, dễ phối đồ từ basic đến layering mùa thu đông\r\nIn chữ &quot;OWLBRAND® DAILY LIFE&quot; phong cách varsity xanh navy nổi bật giữa ngực – điểm nhấn cổ điển, mạnh mẽ','[\"1765694779188-588802621.jpg\",\"1765694779189-440171870.jpg\",\"1765694779189-955214986.jpg\"]','2025-12-14 13:46:19','2025-12-22 05:36:37',0,222000),(67,'Áo owlbrand đen',4,66,66,66,66,225000.00,'Áo thun oversize kem tối giản và năng động, phong cách trẻ trung campus.\r\nChi tiết:\r\n\r\nDáng suông rộng oversize, vai rũ nhẹ, dài qua hông một chút, thoải mái và che dáng tốt\r\nChất liệu cotton dày dặn, mềm mại, thoáng khí, giữ form đẹp sau nhiều lần giặt\r\nMàu kem sữa nhạt tinh tế, ấm áp, dễ phối đồ từ basic đến layering mùa thu đông\r\nIn chữ &quot;OWLBRAND® DAILY LIFE&quot; phong cách varsity xanh navy nổi bật giữa ngực – điểm nhấn cổ điển, mạnh mẽ','[\"1765694885488-587358006.jpg\",\"1765694885489-496990933.jpg\",\"1765694885489-987837801.jpg\"]','2025-12-14 13:48:05','2025-12-22 06:15:32',20,180000),(68,'Áo owlbrand nâu',4,44,44,44,44,220000.00,'Áo thun oversize kem tối giản và năng động, phong cách trẻ trung campus.\r\nChi tiết:\r\n\r\nDáng suông rộng oversize, vai rũ nhẹ, dài qua hông một chút, thoải mái và che dáng tốt\r\nChất liệu cotton dày dặn, mềm mại, thoáng khí, giữ form đẹp sau nhiều lần giặt\r\nMàu kem sữa nhạt tinh tế, ấm áp, dễ phối đồ từ basic đến layering mùa thu đông\r\nIn chữ &quot;OWLBRAND® DAILY LIFE&quot; phong cách varsity xanh navy nổi bật giữa ngực – điểm nhấn cổ điển, mạnh mẽ','[\"1765694995572-923597269.jpg\",\"1765694995572-712912518.jpg\",\"1765694995573-396399170.jpg\"]','2025-12-14 13:49:55','2025-12-22 05:34:33',0,220000),(69,'Áo khoác owlbrand xám',9,55,55,55,55,350000.00,'Áo hoodie zip xám nhạt tối giản và năng động, phong cách trẻ trung streetwear.\r\nChi tiết:\r\n\r\nDáng suông nhẹ, hơi oversize, dài qua hông một chút, che dáng tốt và tạo form thoải mái\r\nChất liệu cotton nỉ dày dặn, mềm mại, lót bông ấm áp, giữ nhiệt tuyệt vời cho mùa thu đông\r\nMàu xám nhạt tinh tế, sạch sẽ, dễ phối với mọi outfit từ casual đến layering\r\nLogo &quot;OWL BRAND Simplicity&quot; in nhỏ bên ngực trái – chi tiết nhận diện brand tinh tế, tối giản','[\"1765695171546-364885993.jpg\",\"1765695171547-88525198.jpg\",\"1765695171547-748261446.jpg\"]','2025-12-14 13:52:51','2025-12-22 05:33:08',0,350000),(70,'Áo khoác owlbrand olive',9,66,66,66,66,320000.00,'Áo hoodie zip olive tối giản và năng động, phong cách trẻ trung streetwear.\r\nChi tiết:\r\n\r\nDáng suông nhẹ, hơi oversize, dài qua hông một chút, che dáng tốt và tạo form thoải mái\r\nChất liệu cotton nỉ dày dặn, mềm mại, lót bông ấm áp, giữ nhiệt tuyệt vời cho mùa thu đông\r\nMàu xám nhạt tinh tế, sạch sẽ, dễ phối với mọi outfit từ casual đến layering\r\nLogo &quot;OWL BRAND Simplicity&quot; in nhỏ bên ngực trái – chi tiết nhận diện brand tinh tế, tối giản','[\"1765695428565-846238308.jpg\",\"1765695428566-164294160.jpg\",\"1765695428566-850207706.jpg\"]','2025-12-14 13:57:08','2025-12-22 05:34:12',0,320000),(71,'Áo khoác owlbrand navy',9,55,33,33,33,325000.00,'Áo hoodie zip navy tối giản và năng động, phong cách trẻ trung streetwear.\r\nChi tiết:\r\n\r\nDáng suông nhẹ, hơi oversize, dài qua hông một chút, che dáng tốt và tạo form thoải mái\r\nChất liệu cotton nỉ dày dặn, mềm mại, lót bông ấm áp, giữ nhiệt tuyệt vời cho mùa thu đông\r\nMàu xám nhạt tinh tế, sạch sẽ, dễ phối với mọi outfit từ casual đến layering\r\nLogo &quot;OWL BRAND Simplicity&quot; in nhỏ bên ngực trái – chi tiết nhận diện brand tinh tế, tối giản','[\"1765695568489-382598826.jpg\",\"1765695568490-390958293.jpg\",\"1765695568490-846051319.jpg\"]','2025-12-14 13:59:28','2025-12-22 05:34:02',0,325000),(72,'Áo khoác owlbrand nâu',9,55,55,55,55,360000.00,'Áo hoodie zip nâu tối giản và năng động, phong cách trẻ trung streetwear.\r\nChi tiết:\r\n\r\nDáng suông nhẹ, hơi oversize, dài qua hông một chút, che dáng tốt và tạo form thoải mái\r\nChất liệu cotton nỉ dày dặn, mềm mại, lót bông ấm áp, giữ nhiệt tuyệt vời cho mùa thu đông\r\nMàu xám nhạt tinh tế, sạch sẽ, dễ phối với mọi outfit từ casual đến layering\r\nLogo &quot;OWL BRAND Simplicity&quot; in nhỏ bên ngực trái – chi tiết nhận diện brand tinh tế, tối giản','[\"1765695713037-730181101.jpg\",\"1765695713037-149895581.jpg\",\"1765695713038-727010030.jpg\"]','2025-12-14 14:01:53','2025-12-22 05:33:38',0,360000),(73,'Áo khoác blouson navy',9,77,77,77,77,352000.00,'Áo khoác blouson navy tối giản và năng động, phong cách trẻ trung classic.\r\nChi tiết:\r\n\r\nDáng suông nhẹ, hơi oversize, dài vừa hông, bo gấu và bo tay chun co giãn nhẹ, tạo form gọn gàng thoải mái\r\nChất liệu cotton nỉ dày dặn, mềm mại, lót trong mịn, giữ ấm tốt cho mùa thu đông\r\nMàu navy sâu tinh tế, sang trọng, dễ phối với mọi outfit từ casual đến smart casual\r\nCổ bẻ classic, khóa kéo chính giữa đồng màu bạc kéo êm; logo OWL thêu tone-sur-tone nhỏ bên ngực trái – chi tiết nhận diện tinh tế, đẳng cấp','[\"1765695947601-736842528.jpg\",\"1765695947601-427362015.jpg\",\"1765695947602-227557530.jpg\"]','2025-12-14 14:05:47','2025-12-22 05:33:29',0,352000),(74,'Áo khoác blouson xám',9,66,66,66,66,368000.00,'Áo khoác blouson tối giản và năng động, phong cách trẻ trung classic.\r\nChi tiết:\r\n\r\nDáng suông nhẹ, hơi oversize, dài vừa hông, bo gấu và bo tay chun co giãn nhẹ, tạo form gọn gàng thoải mái\r\nChất liệu cotton nỉ dày dặn, mềm mại, lót trong mịn, giữ ấm tốt cho mùa thu đông\r\nMàu navy sâu tinh tế, sang trọng, dễ phối với mọi outfit từ casual đến smart casual\r\nCổ bẻ classic, khóa kéo chính giữa đồng màu bạc kéo êm; logo OWL thêu tone-sur-tone nhỏ bên ngực trái – chi tiết nhận diện tinh tế, đẳng cấp','[\"1765696092970-875866737.jpg\",\"1765696092970-287522981.jpg\",\"1765696092970-630916957.jpg\"]','2025-12-14 14:08:12','2025-12-22 05:33:21',0,368000),(75,'Quần short jeans nam',4,55,55,44,33,260000.00,'Quần short jeans nam tối giản và năng động, phong cách trẻ trung streetwear.\r\nChi tiết:\r\n\r\nDáng suông rộng thoải mái, ống đứng dài qua đầu gối một chút, tạo cảm giác chill và che đùi tốt\r\nChất liệu denim cotton pha co giãn nhẹ, dày dặn nhưng mềm mại, wash bạc màu tự nhiên đẹp mắt\r\nMàu xanh jeans wash nhạt cổ điển, dễ phối với mọi kiểu áo từ thun basic đến hoodie oversize','[\"1765696456327-464590027.jpg\",\"1765696456328-937904972.jpg\",\"1765696456328-946396167.jpg\"]','2025-12-14 14:14:16','2025-12-14 14:14:16',0,260000),(76,'Quần short jeans nhạt nam',4,44,44,44,44,250000.00,'Quần short jeans nam wash xanh nhạt tối giản và năng động, phong cách trẻ trung streetwear.\r\nChi tiết:\r\n\r\nDáng suông rộng thoải mái, ống đứng dài qua đầu gối một chút, tạo cảm giác chill và che đùi tốt\r\nChất liệu denim cotton pha co giãn nhẹ, dày dặn nhưng mềm mại, wash bạc màu tự nhiên đẹp mắt\r\nMàu xanh jeans wash nhạt cổ điển, dễ phối với mọi kiểu áo từ thun basic đến hoodie oversize','[\"1765696501892-155405539.jpg\",\"1765696501892-492000420.jpg\",\"1765696501893-768788650.jpg\"]','2025-12-14 14:15:01','2025-12-22 06:15:22',12,220000);
/*!40000 ALTER TABLE `products` ENABLE KEYS */;
UNLOCK TABLES;

--
-- Table structure for table `users`
--

DROP TABLE IF EXISTS `users`;
/*!40101 SET @saved_cs_client     = @@character_set_client */;
/*!50503 SET character_set_client = utf8mb4 */;
CREATE TABLE `users` (
  `id` int NOT NULL AUTO_INCREMENT,
  `fullname` varchar(100) CHARACTER SET utf8mb4 COLLATE utf8mb4_general_ci DEFAULT NULL,
  `email` varchar(100) CHARACTER SET utf8mb4 COLLATE utf8mb4_general_ci DEFAULT NULL,
  `password` varchar(255) CHARACTER SET utf8mb4 COLLATE utf8mb4_general_ci DEFAULT NULL,
  `role` enum('user','admin') CHARACTER SET utf8mb4 COLLATE utf8mb4_general_ci DEFAULT 'user',
  `created_at` timestamp NOT NULL DEFAULT CURRENT_TIMESTAMP,
  `address` varchar(255) CHARACTER SET utf8mb4 COLLATE utf8mb4_general_ci DEFAULT NULL,
  `dayOfBirth` date DEFAULT NULL,
  `gender` enum('male','female','other') CHARACTER SET utf8mb4 COLLATE utf8mb4_general_ci DEFAULT NULL,
  `phoneNumber` varchar(20) CHARACTER SET utf8mb4 COLLATE utf8mb4_general_ci DEFAULT NULL,
  `isActive` tinyint(1) NOT NULL DEFAULT '1',
  `remember_token` varchar(255) CHARACTER SET utf8mb4 COLLATE utf8mb4_general_ci DEFAULT NULL,
  `bio` text CHARACTER SET utf8mb4 COLLATE utf8mb4_general_ci,
  PRIMARY KEY (`id`),
  UNIQUE KEY `email` (`email`)
) ENGINE=InnoDB AUTO_INCREMENT=12 DEFAULT CHARSET=utf8mb4 COLLATE=utf8mb4_general_ci;
/*!40101 SET character_set_client = @saved_cs_client */;

--
-- Dumping data for table `users`
--

LOCK TABLES `users` WRITE;
/*!40000 ALTER TABLE `users` DISABLE KEYS */;
INSERT INTO `users` VALUES (1,'Ngọc Vy','ngocvy@gmail.com','$2b$10$ouWCj/CX9nzwNv1ZODFIAOjQf.ERqc/n3lN9eQLYv1XRKaSLFfKPq','admin','2025-12-06 22:18:39',NULL,NULL,NULL,NULL,1,NULL,NULL),(2,'Như Phúc','nhuphuc@gmail.com','$2b$10$db9tQ8kxfokHwQyWYlNlBeu/nqxS5jJMcxu3DFxb.kTy8A2N0zU2O','admin','2025-12-06 22:18:39',NULL,NULL,NULL,NULL,1,NULL,NULL),(3,'Minh Quân','minhquan@gmail.com','$2b$10$qxS0Y12fb2MHUXxGHfkmHe8UhdvxR26cX1857BuHDb3dQ3JkjHGCy','admin','2025-12-06 22:18:39',NULL,NULL,NULL,NULL,1,NULL,NULL),(4,'Nguyễn Văn A','user1@gmail.com','$2b$10$I6Ohpcxywzb9kcQW1iSx3Oo4lEZAO9tupKatyNXsvWQ/5buyYG9EW','user','2025-12-06 22:20:23','Thạnh Hóa, tỉnh Long An','2005-10-30','male','0123456789',1,NULL,''),(5,'Nguyễn Văn B','user2@gmail.com','$2b$10$NYqVMdfQJbDj6t5eY7SDVOCMoMBqdUvhGyXXMIZfo02xdd4gCNsLK','admin','2025-12-06 22:20:23',NULL,NULL,NULL,NULL,1,NULL,NULL),(6,'Nguyễn Như Phúc','user3@gmail.com','$2b$10$RDpq2Vt62Ind.diHT1pYdeaqAgG6I0NkFDj0b0CbQouMeXPMnVIKa','user','2025-12-07 13:40:50','Thành phố Hồ Chí Minh','2005-10-29','male','0123456789',1,NULL,''),(7,'vy','user5@gmail.com','$2b$10$XkMu/i.XxQQsIrmz3Irgu.2mPROGhZVoAmV6aE6WADJWSU/dXj9sG','user','2025-12-08 09:55:59',NULL,NULL,NULL,NULL,1,NULL,NULL),(9,'vy','v@gmail.com','$2b$10$MxoItuRA9gCNw6tjt8lG0e0Y88MprsjArsYVbj49EOzhN0Io3Gq8K','user','2025-12-09 08:37:05',NULL,NULL,NULL,NULL,1,NULL,NULL),(10,'Hồ Ngọc Vy','vy1@gmail.com','$2b$10$OIZl6c3b28Jc4Jl4N2Bb.uk8fo.GPtxHsZGF6Mo1aJgLPY3IANOLm','user','2025-12-14 11:08:09',NULL,NULL,NULL,NULL,0,NULL,NULL),(11,'User 6','user6@gmail.com','$2b$10$ujwd1dv/3u3TsF9uv8jzgO5OiaYk9LdwEwbf0To73/U.2sbMr1ppi','user','2025-12-25 06:56:30',NULL,NULL,NULL,NULL,1,NULL,NULL);
/*!40000 ALTER TABLE `users` ENABLE KEYS */;
UNLOCK TABLES;
/*!40103 SET TIME_ZONE=@OLD_TIME_ZONE */;

/*!40101 SET SQL_MODE=@OLD_SQL_MODE */;
/*!40014 SET FOREIGN_KEY_CHECKS=@OLD_FOREIGN_KEY_CHECKS */;
/*!40014 SET UNIQUE_CHECKS=@OLD_UNIQUE_CHECKS */;
/*!40101 SET CHARACTER_SET_CLIENT=@OLD_CHARACTER_SET_CLIENT */;
/*!40101 SET CHARACTER_SET_RESULTS=@OLD_CHARACTER_SET_RESULTS */;
/*!40101 SET COLLATION_CONNECTION=@OLD_COLLATION_CONNECTION */;
/*!40111 SET SQL_NOTES=@OLD_SQL_NOTES */;

-- Dump completed on 2025-12-25 14:34:45
